feature,mean_importance
Name_albert,0.0
Name_robert,0.0
Name_thomas,0.0
Ticket_113781,0.0
Ticket_1601,0.0
Name_mrs,0.00310994282227135
Parch_sum_Pclass,0.0076658231052306736
Ticket_ston,0.010562227869327678
Name_master,0.011960076040273526
Cabin,0.034729266590728135
Sex,0.0911209063963046
Fare,0.1172345786377921
Pclass,0.21378713815447775
Name_mr,0.309685313389714
